garch_f,arma_garch_f,aparch_f,arma_aparch_f,arma_sGARCH_r,arma_iGARCH_r,arma_apARCH_r,arma_eGARCH_r,arma_gjrGARCH_r,arma_csGARCH_r,arma_f_avGARCH_r,arma_f_naGARCH_r,arma_f_nGARCH_r,arma_f_tGARCH_r,arma_f_allGARCH_r
0.0055994479536329,0.010436513932964,-0.0375663715748507,-0.0335845726907163,0.0101350022561335,0.0135009204917961,-0.0171371834150633,-0.142352917205635,-0.02202233826728,0.0141217368583591,-0.0823768983368456,-0.0932191804801088,-0.000558487315921939,-0.0342492211919131,5.50836500789704e-09
-0.0214529179242695,-0.029548318987941,-0.00735416439825895,-0.0111457691768692,-0.0220371699157283,-0.0194646021337469,-0.0171727656305489,0.0389383379894982,-0.0187143659998388,-0.0738665323601637,0.0108661861161163,0.0136445184656307,-0.0226801791288802,-0.0127970409932592,0.0117410234317361
-0.0253671831809995,-0.0257379636006563,-0.00549553321504473,-0.0101612998277384,-0.0257439307803957,-0.0236533888169771,-0.00323017348715944,0.00879870061023193,-0.0162022372866139,-0.0227707808337352,0.0131425100345973,0.00767491510567584,-0.0216784654958214,-0.00984759231864192,0.0353562949930919
-0.0247154645323224,-0.0244816201965141,-0.0139944179043527,-0.0143265969564497,-0.0244100435192318,-0.0227369779016528,-0.0084685222225406,0.00537578637833772,-0.0164041426761718,-0.020910733940591,0.00871789344873922,0.00469134936032898,-0.021616077265721,-0.0131320461703268,0.0164897200993096
-0.00605686548037176,-0.00565458310456746,0.0462360698465246,0.0537193673600614,-0.00729999585501527,-0.00648104020493081,0.00575618259557812,0.0477228119018077,0.0188705905673921,0.0136377385348532,0.0473402504211326,0.0440106353228369,-0.0137170221113199,0.0437945883820563,0.0598795906326681
