garch_f,arma_garch_f,aparch_f,arma_aparch_f,arma_sGARCH_r,arma_iGARCH_r,arma_apARCH_r,arma_eGARCH_r,arma_gjrGARCH_r,arma_csGARCH_r,arma_f_avGARCH_r,arma_f_naGARCH_r,arma_f_nGARCH_r,arma_f_tGARCH_r,arma_f_allGARCH_r
-0.0108509850687052,-0.0108017972600184,-0.0281251050697247,-0.0304942917245934,-0.0110221558224374,-0.0117160642633923,-0.0126053632230849,-0.0396305499227386,-0.0168379364930262,-0.00172461910467655,-0.0502877895229162,-0.0402349232894556,-0.0146695481056857,-0.0300218963584201,-0.129364029677255
0.0095744881720921,0.00793726825564512,0.0789379817808319,0.0678817327527122,0.00749941905828817,0.00591987485287484,0.0231522077317856,0.0610848351342959,0.0413812126055384,0.0219265137046865,0.061701183503341,0.0609479622006138,-0.00202272043675037,0.0663312388207969,0.066896525946927
0.123498293298279,0.117319912929437,-0.0346178089883469,-0.0383295349383583,0.11428899692465,0.119645441518282,0.0132505778335125,-0.126962330216269,-0.0166332809252297,0.221248330648767,-0.129217242614842,-0.107181817391725,0.134899042190439,-0.0294441963251153,0.0215553305859723
-0.0229782786114238,-0.0223472589920914,-0.0315652420279291,-0.0349882652394723,-0.021903318125183,-0.0210936250542429,-0.0125933857170338,-0.00651054111766824,-0.0161613379782881,-0.067091818113181,-0.00709834382236741,-0.011093291840383,-0.0191305458785923,-0.0290502443301705,-0.00468431109731442
-0.0208082328563635,-0.0207263696488334,-0.00875330176127282,-0.0150677716255794,-0.0205539547440856,-0.0201071523623931,-0.0128024480191381,0.00856972822885849,-0.0145907103614494,-0.0228508368726583,0.00770499578010545,0.00471252688616109,-0.0191443185619529,-0.0155421763064568,0.0101672704386315
